Horodateur,Url de la musique sur youtube (youtube music fonctionne aussi)
01/06/2022 17:39:16,https://music.youtube.com/watch?v=58rXvxcvovc&feature=share
01/06/2022 17:39:54,https://music.youtube.com/watch?v=sTMgX1PDGAE&feature=share
01/06/2022 17:40:20,https://music.youtube.com/watch?v=5FIn4t6sfg8&feature=share
01/06/2022 17:41:41,https://music.youtube.com/watch?v=AditaEd_SbI&feature=share
01/06/2022 17:42:37,https://music.youtube.com/watch?v=fYpT1XGy250&feature=share
01/06/2022 17:43:42,https://music.youtube.com/watch?v=73S2Pdz2S0U&feature=share
01/06/2022 17:44:08,https://youtube.com/playlist?list=PLPFLFvVZhgn56dEJvvMHvCjNb-FlLAUl3
01/06/2022 17:44:12,https://music.youtube.com/watch?v=TkyMadaWtto&feature=share
01/06/2022 17:44:55,https://music.youtube.com/watch?v=T9PgnuUwHxE&feature=share
01/06/2022 17:44:59,https://youtube.com/playlist?list=PLJkr63ziU8tqFAPV9INCNbPhPtmPLpBEN
01/06/2022 17:45:10,https://music.youtube.com/watch?v=8AJzZ_2m6zE&feature=share
01/06/2022 17:45:49,https://music.youtube.com/watch?v=5-FGxUINL-Q&feature=share
01/06/2022 17:46:05,https://music.youtube.com/watch?v=7OO64H0OG1o&feature=share
01/06/2022 17:46:21,https://music.youtube.com/watch?v=UNOtbkQxECI&feature=share
01/06/2022 17:46:40,https://music.youtube.com/watch?v=SfGHRL6Ff5A&feature=share
01/06/2022 17:47:04,https://music.youtube.com/watch?v=okErQX-m9C4&feature=share
01/06/2022 17:47:33,https://music.youtube.com/watch?v=M3iGcTxw5d4&feature=share
01/06/2022 17:47:50,https://music.youtube.com/watch?v=kQSNck-9cJE&feature=share
01/06/2022 17:48:23,https://music.youtube.com/watch?v=CTtspDDVkh8&feature=share
01/06/2022 17:49:21,https://youtu.be/u8bHjdljyLw
01/06/2022 17:49:27,https://music.youtube.com/watch?v=H_HkRMOwwGo&feature=share
01/06/2022 17:49:48,https://music.youtube.com/watch?v=9PNV6Lg_ajA&feature=share
01/06/2022 17:50:07,https://music.youtube.com/watch?v=TzwqnlYMqIg&feature=share
01/06/2022 17:50:19,https://music.youtube.com/watch?v=JmIPRfMhzlM&feature=share
01/06/2022 17:50:27,https://www.youtube.com/watch?v=I1kjchKuYFw&ab_channel=OTP-Topic
01/06/2022 17:50:33,https://music.youtube.com/watch?v=hWu8001tHcI&feature=share
01/06/2022 17:50:49,https://www.youtube.com/watch?v=IIJ56d-8yPs
01/06/2022 17:51:05,https://music.youtube.com/watch?v=5P8u4F1-EoA&feature=share
01/06/2022 17:51:17,https://music.youtube.com/playlist?list=OLAK5uy_lIjwHh-KJbhlxOcrCELFfM9EXpe2A6o7U&feature=share
01/06/2022 17:51:19,https://www.youtube.com/watch?v=KoFSQeOAYz4
01/06/2022 17:51:30,https://music.youtube.com/watch?v=gJvgv6mdGVs&feature=share
01/06/2022 17:51:44,https://music.youtube.com/watch?v=rDaiVHDI85A&feature=share
01/06/2022 17:51:46,https://www.youtube.com/watch?v=MW9WeSpwWjE
01/06/2022 17:52:03,https://www.youtube.com/watch?v=6nZJuJCYR1I
01/06/2022 17:52:05,https://music.youtube.com/watch?v=YbZ9rhOV2qY&feature=share
01/06/2022 17:52:15,https://music.youtube.com/watch?v=UgMCcZmRNNw&feature=share
01/06/2022 17:52:27,https://music.youtube.com/watch?v=a3nuHnO6x9c&feature=share
01/06/2022 17:52:27,https://www.youtube.com/watch?v=XVI_ACT-g34
01/06/2022 17:52:37,https://music.youtube.com/watch?v=JRYNteqKAKU&feature=share
01/06/2022 17:52:52,https://www.youtube.com/watch?v=p-wZTxJoDCQ
01/06/2022 17:53:37,https://www.youtube.com/watch?v=9W6AN_eQeZo
01/06/2022 17:53:58,https://www.youtube.com/watch?v=VKVMsBBj0P8
01/06/2022 17:54:17,https://www.youtube.com/watch?v=reiqoXC2ynA
01/06/2022 17:54:44,https://www.youtube.com/watch?v=hyaiqIUx2nk
01/06/2022 17:55:57,https://www.youtube.com/watch?v=JJyEuV7Alds
01/06/2022 17:56:13,https://www.youtube.com/watch?v=TO-_3tck2tg
01/06/2022 17:56:20,https://www.youtube.com/watch?v=6uutzRMPRbg
01/06/2022 17:56:33,https://www.youtube.com/watch?v=bWXazVhlyxQ
01/06/2022 17:56:50,https://www.youtube.com/watch?v=civuoU_NE38
01/06/2022 17:57:13,https://www.youtube.com/watch?v=ALrjjJdmxgA
01/06/2022 17:57:54,https://www.youtube.com/watch?v=fUABNObqSPc
01/06/2022 17:57:55,https://youtu.be/AC9_Fyr2GMg
01/06/2022 17:58:32,https://www.youtube.com/watch?v=SxE2nkNwZ_Y
01/06/2022 17:58:51,https://www.youtube.com/watch?v=8Y3VBEuzIvo
01/06/2022 17:59:12,https://www.youtube.com/watch?v=0duuWcFrk-Y
01/06/2022 17:59:44,https://www.youtube.com/watch?v=Vppbdf-qtGU
01/06/2022 18:00:56,https://youtu.be/hhahmBSC36U
01/06/2022 18:01:24,https://youtu.be/kUbB-u-K1Ig
01/06/2022 18:01:46,https://youtu.be/78ESXH2-XBo
01/06/2022 18:02:11,https://youtu.be/Y2mV9gMCMto
01/06/2022 18:02:42,https://www.youtube.com/watch?v=qijzVzBc9WA
01/06/2022 18:02:47,https://youtu.be/VL7wiAFqO7o
01/06/2022 18:03:11,https://www.youtube.com/watch?v=SacXJT1Zghw
01/06/2022 18:03:13,https://youtu.be/ChvzUQJFWpU
01/06/2022 18:03:40,https://youtu.be/vrVNkex5JsI
01/06/2022 18:03:40,https://www.youtube.com/watch?v=27S81OHNsis
01/06/2022 18:03:58,https://www.youtube.com/watch?v=DPyOhP1GTRQ
01/06/2022 18:04:02,https://youtu.be/VqNGgk5C7m4
01/06/2022 18:05:14,https://youtu.be/83xBPCw5hh4
01/06/2022 18:05:33,https://www.youtube.com/watch?v=nJGCkEW4x84
01/06/2022 18:05:37,https://youtu.be/9XvXF1LrWgA
01/06/2022 18:06:04,https://youtu.be/1-KJV5r_cho
01/06/2022 18:06:27,https://youtu.be/URm0JAcOu0M
01/06/2022 18:06:48,https://www.youtube.com/watch?v=9gdug-A4HAQ
01/06/2022 18:07:14,https://youtu.be/bjZcBsBqNe0
01/06/2022 18:07:18,https://www.youtube.com/watch?v=_ghJQzNDihA
01/06/2022 18:07:37,https://www.youtube.com/watch?v=9emO9qo4FwE
01/06/2022 18:07:39,https://youtu.be/0xyxtzD54rM
01/06/2022 18:08:04,https://www.youtube.com/watch?v=WI-v8IS4ZxI
01/06/2022 18:08:10,https://youtu.be/hhSA9H9Iaqw
01/06/2022 18:08:24,https://www.youtube.com/watch?v=miDbenoGNCQ
01/06/2022 18:08:31,https://www.youtube.com/watch?v=ZHwVBirqD2s
01/06/2022 18:08:37,https://www.youtube.com/watch?v=b9RJXWxth5g
01/06/2022 18:09:32,https://music.youtube.com/playlist?list=PLmGjeRTL1JuuhP6lj2qlzCM9rK1DONJ2d&feature=share
01/06/2022 18:09:53,https://music.youtube.com/playlist?list=PLmGjeRTL1Juv3ODR9nfiE0VWyqaIA7DAK&feature=share
01/06/2022 18:10:05,https://youtu.be/Pi3_Zs-oRUo
01/06/2022 18:10:12,https://www.youtube.com/watch?v=bRrP3ESM6sQ&t=82s
01/06/2022 18:10:22,https://www.youtube.com/watch?v=J6qIzKxmW8Y
01/06/2022 18:10:26,https://youtu.be/K1FlAphL2p8
01/06/2022 18:10:33,https://www.youtube.com/watch?v=mz2irxsZKH0
01/06/2022 18:10:39,https://www.youtube.com/watch?v=9E6b3swbnWg
01/06/2022 18:10:55,https://www.youtube.com/watch?v=vjncyiuwwXQ
01/06/2022 18:11:03,https://music.youtube.com/playlist?list=PLmGjeRTL1JuvLb_mzWIx-jl20DO8F_YqA&feature=share
01/06/2022 18:11:04,https://www.youtube.com/watch?v=h6mKw-mRbX8
01/06/2022 18:11:22,https://youtu.be/zOQ4ld6NsXE
01/06/2022 18:11:33,https://www.youtube.com/watch?v=hW4Hg0m07IM
01/06/2022 18:11:44,https://youtu.be/0J2QdDbelmY
01/06/2022 18:11:59,https://www.youtube.com/watch?v=4SA0Aa54-tQ
01/06/2022 18:12:02,https://youtu.be/Vik1dtQ0eHc
01/06/2022 18:12:25,https://youtu.be/yGxHDmHoqXc
01/06/2022 18:12:32,https://www.youtube.com/watch?v=x5JvbD2Zc9I
01/06/2022 18:12:50,https://www.youtube.com/watch?v=B-oU2xlViRQ
01/06/2022 18:12:51,https://www.youtube.com/watch?v=grIh-HUeDMw
01/06/2022 18:13:03,https://youtu.be/R4hDcd9fzRk
01/06/2022 18:13:10,https://www.youtube.com/watch?v=XuSXozd9P4w
01/06/2022 18:13:14,https://youtu.be/dQw4w9WgXcQ
01/06/2022 18:13:21,https://www.youtube.com/watch?v=-2GmzyeeXnQ
01/06/2022 18:13:22,https://youtu.be/x2umzqh8r4g
01/06/2022 18:13:24,https://www.youtube.com/watch?v=3VTkBuxU4yk
01/06/2022 18:13:31,https://youtu.be/oRdxUFDoQe0
01/06/2022 18:13:43,https://www.youtube.com/watch?v=9HDEHj2yzew
01/06/2022 18:13:45,https://www.youtube.com/watch?v=0qanF-91aJo
01/06/2022 18:13:48,https://youtu.be/2NiyrtYegso
01/06/2022 18:13:58,https://www.youtube.com/watch?v=EhGEGIBGLu8
01/06/2022 18:14:06,https://youtu.be/D4INE2zO9OU
01/06/2022 18:14:09,https://www.youtube.com/watch?v=umF1kfVujhM
01/06/2022 18:14:15,https://youtu.be/3LYdwZ40qe0
01/06/2022 18:14:15,https://www.youtube.com/watch?v=NR7dG_m3MsI
01/06/2022 18:14:27,https://www.youtube.com/watch?v=WQYN2P3E06s
01/06/2022 18:14:46,https://www.youtube.com/watch?v=09LTT0xwdfw
01/06/2022 18:14:51,https://www.youtube.com/watch?v=Soa3gO7tL-c
01/06/2022 18:15:14,https://www.youtube.com/watch?v=4-43lLKaqBQ
01/06/2022 18:15:33,https://www.youtube.com/watch?v=KuliCkN2oic
01/06/2022 18:15:45,https://www.youtube.com/watch?v=CCSgsTC7vE4
01/06/2022 18:16:01,https://www.youtube.com/watch?v=BC19kwABFwc
01/06/2022 18:16:24,https://www.youtube.com/watch?v=L-JcssjUIW0
01/06/2022 18:16:45,https://www.youtube.com/watch?v=Tlu1ZfYr6vA
01/06/2022 18:17:03,https://www.youtube.com/watch?v=8qcSdqc7QYo
01/06/2022 18:17:07,https://youtu.be/RJo21ubguDE
01/06/2022 18:17:16,https://www.youtube.com/watch?v=fJG0AJJQuU0
01/06/2022 18:17:20,https://www.youtube.com/watch?v=DnGdoEa1tPg
01/06/2022 18:17:25,https://youtu.be/ZP69PLBqFUo
01/06/2022 18:17:42,https://www.youtube.com/watch?v=QYh6mYIJG2Y
01/06/2022 18:17:54,https://www.youtube.com/watch?v=fq-i3EcKmek
01/06/2022 18:17:57,https://www.youtube.com/watch?v=N3oCS85HvpY
01/06/2022 18:18:14,https://www.youtube.com/watch?v=BboMpayJomw
01/06/2022 18:18:25,https://www.youtube.com/watch?v=TUVcZfQe-Kw
01/06/2022 18:18:28,https://www.youtube.com/watch?v=rAQsFN64rEQ
01/06/2022 18:18:32,https://youtu.be/wEERFBI9eCg
01/06/2022 18:18:40,https://www.youtube.com/watch?v=KuRxXRuAz-I
01/06/2022 18:18:51,https://youtu.be/XEEasR7hVhA
01/06/2022 18:18:58,https://www.youtube.com/watch?v=low6Coqrw9Y
01/06/2022 18:19:11,https://www.youtube.com/watch?v=PZahtmWhH5g
01/06/2022 18:19:21,https://youtu.be/H4lxlLbEZrs
01/06/2022 18:19:34,https://www.youtube.com/watch?v=ilw-qmqZ5zY
01/06/2022 18:20:05,https://youtu.be/pxKqn5UzEdo
01/06/2022 18:20:16,https://www.youtube.com/watch?v=2ZBtPf7FOoM
01/06/2022 18:20:30,https://www.youtube.com/watch?v=pTOC_q0NLTk
01/06/2022 18:20:46,https://www.youtube.com/watch?v=E8gmARGvPlI
01/06/2022 18:20:47,https://www.youtube.com/watch?v=Cx3_D78dExU
01/06/2022 18:21:02,https://www.youtube.com/watch?v=gxEPV4kolz0
01/06/2022 18:21:10,https://youtu.be/wLaPaf-6www
01/06/2022 18:21:22,https://www.youtube.com/watch?v=0QdbeM2JWYE
01/06/2022 18:21:34,https://www.youtube.com/watch?v=ZT32mu5d5Rw
01/06/2022 18:21:38,https://youtu.be/kKRrZwe5yTs
01/06/2022 18:21:41,https://www.youtube.com/watch?v=jXLnSkGmTdQ
01/06/2022 18:21:47,https://www.youtube.com/watch?v=yO3_MI_gubI
01/06/2022 18:22:03,https://youtu.be/2o9aoL0NWpw
01/06/2022 18:22:16,https://www.youtube.com/watch?v=kMIT8eNJBEM
01/06/2022 18:22:28,https://youtu.be/duzNSTw_AR4
01/06/2022 18:22:44,https://www.youtube.com/watch?v=F9kXstb9FF4
01/06/2022 18:22:50,https://youtu.be/mUEsqQpact0
01/06/2022 18:22:53,https://www.youtube.com/watch?v=UA5zWBVQXHg
01/06/2022 18:22:58,https://www.youtube.com/watch?v=UCxgbOBVSfM
01/06/2022 18:23:12,https://youtu.be/0CNPR2qNzxk
01/06/2022 18:23:15,https://www.youtube.com/watch?v=QkF3oxziUI4
01/06/2022 18:23:33,https://www.youtube.com/watch?v=YklPK6DwOzM
01/06/2022 18:24:04,https://youtu.be/kibgXqJuKCM
01/06/2022 18:24:28,https://youtu.be/yzC4hFK5P3g
01/06/2022 18:25:05,https://youtu.be/PDJLvF1dUek
01/06/2022 18:25:25,https://www.youtube.com/watch?v=jIPtCQdIvsw
01/06/2022 18:25:37,https://youtu.be/ZyhrYis509A
01/06/2022 18:25:57,https://youtu.be/KwIe_sjKeAY
01/06/2022 18:26:15,https://youtu.be/TMSlTQmDLx4
01/06/2022 18:26:23,https://www.youtube.com/watch?v=pN2UmX3Kmrs
01/06/2022 18:26:50,https://www.youtube.com/watch?v=aK4bP3Z-zZA
01/06/2022 18:27:00,https://youtu.be/d1Z68Y0mAaI
01/06/2022 18:29:09,https://youtu.be/PxysjQonv6o
01/06/2022 18:30:07,https://youtu.be/k8ozVkIkr-g
01/06/2022 18:30:54,https://youtu.be/wBHICVLy42Y
01/06/2022 18:32:09,https://youtu.be/T4RHuXd5pMg
01/06/2022 18:32:32,https://youtu.be/Ae829mFAGGE
01/06/2022 18:32:54,https://youtu.be/yxsOwJQ9Lbc
01/06/2022 18:33:13,https://music.youtube.com/watch?v=f-i_fVvoF6c&feature=share
01/06/2022 18:33:34,https://youtu.be/Ne7U4aZ4-jU
01/06/2022 18:34:06,https://youtu.be/4BVHvf2ltK4
01/06/2022 18:38:36,https://youtu.be/LIdmGLn-Gnk
01/06/2022 18:39:41,https://youtu.be/LIdmGLn-Gnk
01/06/2022 18:40:06,https://youtu.be/UTzFjw4U8eU
01/06/2022 18:40:25,https://music.youtube.com/watch?v=XM4i8yG-Bp8&feature=share
01/06/2022 18:40:40,https://music.youtube.com/watch?v=mNYlzaoQ7Tg&feature=share
01/06/2022 18:41:03,https://music.youtube.com/watch?v=xtk1ea03z3A&feature=share
01/06/2022 18:41:20,https://music.youtube.com/watch?v=yaTNDJGQS6Y&feature=share
01/06/2022 18:41:40,https://music.youtube.com/watch?v=0TBrwDNWqKw&feature=share
01/06/2022 18:43:03,https://youtu.be/wcQXW5mje70
01/06/2022 18:43:26,https://youtu.be/sqNUVg67l6Y
01/06/2022 18:43:51,https://youtu.be/ynDmiMoAUzQ
01/06/2022 18:46:29,https://youtu.be/xzDlJZnC1Zk
01/06/2022 18:46:47,https://youtu.be/Wv1cX9o8JJM
01/06/2022 18:47:09,https://youtu.be/NLPyySN9Czw
01/06/2022 18:47:34,https://youtu.be/zA52uNzx7Y4
01/06/2022 18:48:00,https://youtu.be/f7P5Q2IIT4U
01/06/2022 18:48:37,https://youtu.be/BRTDC9Z5UdE
01/06/2022 18:48:55,https://youtu.be/rJXoe1Mpk3I
01/06/2022 18:49:11,https://youtu.be/JT0Ul9cP5e4
01/06/2022 18:49:40,https://music.youtube.com/playlist?list=RDCLAK5uy_meYBudfsrycZHT57c2xOBJ4ApaG02IaWU&feature=share&playnext=1
01/06/2022 18:50:03,https://youtu.be/do9KqKFBy90
01/06/2022 18:50:39,https://youtu.be/OwjXe2-PrzA
01/06/2022 18:50:58,https://youtu.be/MrLWo2QOsH4
01/06/2022 18:51:29,https://youtu.be/MMTdNF98T1U
01/06/2022 18:51:50,https://youtu.be/sOFFUDpqBNA
01/06/2022 18:52:14,https://youtu.be/TUdcIF00ekg
01/06/2022 18:52:42,https://youtu.be/PyJmRTyu4-M
01/06/2022 18:53:47,https://youtu.be/-uQi0vJK9lk
01/06/2022 18:54:28,https://youtu.be/hwZNL7QVJjE
01/06/2022 19:03:24,https://www.youtube.com/watch?v=HXceurkQcCs&list=PLeoMOq5Ik3FTgjzKq358Re_JrmLD9Bw9k&index=1
01/06/2022 19:03:41,https://www.youtube.com/watch?v=qO1gjKwTYoo&list=PLeoMOq5Ik3FTgjzKq358Re_JrmLD9Bw9k&index=2
01/06/2022 19:03:57,https://www.youtube.com/watch?v=5i6A1IHAQsg&list=PLeoMOq5Ik3FTgjzKq358Re_JrmLD9Bw9k&index=3
01/06/2022 19:04:13,https://www.youtube.com/watch?v=83mhHOytg4U&list=PLeoMOq5Ik3FTgjzKq358Re_JrmLD9Bw9k&index=4
01/06/2022 19:04:28,https://www.youtube.com/watch?v=FgFgAsDPT8M&list=PLeoMOq5Ik3FTgjzKq358Re_JrmLD9Bw9k&index=5
01/06/2022 19:04:46,https://www.youtube.com/watch?v=mpHvHGMZ0jc&list=PLeoMOq5Ik3FTgjzKq358Re_JrmLD9Bw9k&index=6
01/06/2022 19:05:01,https://www.youtube.com/watch?v=-LVWXQ2F3KI&list=PLeoMOq5Ik3FTgjzKq358Re_JrmLD9Bw9k&index=7
01/06/2022 19:05:18,https://www.youtube.com/watch?v=W7oZdvQ773M&list=PLeoMOq5Ik3FTgjzKq358Re_JrmLD9Bw9k&index=8
01/06/2022 19:05:34,https://www.youtube.com/watch?v=YRNyamyBOIQ&list=PLeoMOq5Ik3FTgjzKq358Re_JrmLD9Bw9k&index=10
01/06/2022 19:05:53,https://www.youtube.com/watch?v=wPQ_B2TbDDQ&list=PLeoMOq5Ik3FTgjzKq358Re_JrmLD9Bw9k&index=12
01/06/2022 19:06:18,https://www.youtube.com/watch?v=6swmTBVI83k&list=PLeoMOq5Ik3FTgjzKq358Re_JrmLD9Bw9k&index=23
01/06/2022 19:06:51,https://www.youtube.com/watch?v=oyBsJtGlGcA&list=PLeoMOq5Ik3FTgjzKq358Re_JrmLD9Bw9k&index=51
01/06/2022 19:07:21,https://www.youtube.com/watch?v=sIMAdapvka4&list=PLeoMOq5Ik3FTgjzKq358Re_JrmLD9Bw9k&index=34
01/06/2022 19:07:49,https://www.youtube.com/watch?v=_WA9NXXAntc&list=PLeoMOq5Ik3FTgjzKq358Re_JrmLD9Bw9k&index=59
01/06/2022 19:08:13,https://www.youtube.com/watch?v=_-jc2c7gee8&list=PLeoMOq5Ik3FTgjzKq358Re_JrmLD9Bw9k&index=69
01/06/2022 19:08:35,https://www.youtube.com/watch?v=L76PMwIn1Xc&list=PLeoMOq5Ik3FTgjzKq358Re_JrmLD9Bw9k&index=71
01/06/2022 19:08:57,https://www.youtube.com/watch?v=WwjV3-022F4&list=PLeoMOq5Ik3FTgjzKq358Re_JrmLD9Bw9k&index=75
01/06/2022 19:18:27,https://youtu.be/mcdO9UP0hp8
01/06/2022 19:18:55,https://youtu.be/0zQHNygI_ko
01/06/2022 19:19:14,https://youtu.be/_tdWkuyFI6c
01/06/2022 19:19:49,https://youtu.be/MsTWpbR_TVE
01/06/2022 19:20:08,https://youtu.be/MwpMEbgC7DA
01/06/2022 19:20:48,https://youtu.be/sgOnu7ux2-k
01/06/2022 19:21:27,https://youtu.be/ZZjnfWx0cvw
01/06/2022 19:23:02,https://youtu.be/KFLru5OFtMI
01/06/2022 19:23:23,https://youtu.be/hKUwxXgz2RM
01/06/2022 19:23:56,https://youtu.be/NoEMIVx4J78
01/06/2022 20:05:57,https://youtu.be/NeQM1c-XCDc
02/06/2022 09:58:48,https://www.youtube.com/watch?v=C4fExl8RiwA
02/06/2022 10:01:22,https://www.youtube.com/watch?v=MO-9l29RzrE
02/06/2022 10:01:46,https://www.youtube.com/watch?v=5D2jyuJaSAU
02/06/2022 10:03:07,https://www.youtube.com/watch?v=QjBgYcQU-wI
02/06/2022 10:03:24,https://www.youtube.com/watch?v=lgh68Swuak0
02/06/2022 10:03:37,https://www.youtube.com/playlist?list=PLjK2DA2hQhSJc_C60M3Pu3ZO1q3nIngVP
02/06/2022 10:03:54,https://www.youtube.com/watch?v=CvFH_6DNRCY
02/06/2022 10:04:54,https://www.youtube.com/watch?v=4JkIs37a2JE
02/06/2022 10:05:03,https://www.youtube.com/watch?v=Q0oIoR9mLwc
02/06/2022 10:05:29,https://www.youtube.com/watch?v=8kIv7ZJOyB4
02/06/2022 10:06:11,https://www.youtube.com/watch?v=jBKFOmb39u4
02/06/2022 10:06:47,https://www.youtube.com/playlist?list=PLjK2DA2hQhSIGfYAYdHXi-lvv0G3nO2S6
02/06/2022 10:06:50,https://www.youtube.com/watch?v=yuFI5KSPAt4
02/06/2022 10:07:01,https://www.youtube.com/playlist?list=PLjK2DA2hQhSJKUwmU9uJ_Y9kYMtNXQCDu
02/06/2022 10:07:14,https://www.youtube.com/playlist?list=PLjK2DA2hQhSK23PQMhtYpQ0pwOLjUj-dA
02/06/2022 10:07:28,https://www.youtube.com/playlist?list=PLjK2DA2hQhSK0ux4q1yxHZkB25Hoj42ci
02/06/2022 10:07:28,https://www.youtube.com/watch?v=WcRZ5mL8RsY
02/06/2022 10:07:39,https://www.youtube.com/playlist?list=PLjK2DA2hQhSINZyWRzFUkBdAGcSYYpvAD
02/06/2022 10:07:49,https://www.youtube.com/playlist?list=PLjK2DA2hQhSIiar1gAoKfQsoojeLsgXHS
02/06/2022 10:07:51,https://music.youtube.com/watch?v=CBWMiZEFTzU&feature=share
02/06/2022 10:07:59,https://www.youtube.com/playlist?list=PLjK2DA2hQhSKjaf5RlSaXgHQOBbpN37RP
02/06/2022 10:08:06,https://music.youtube.com/watch?v=kxrLosJdBkc&feature=share
02/06/2022 10:08:08,https://www.youtube.com/playlist?list=PLjK2DA2hQhSIG9gXsa3WeoYdX99Fs2NUE
02/06/2022 10:08:17,https://www.youtube.com/playlist?list=PLjK2DA2hQhSJ2RY2F93STzQT83PxcXUNP
02/06/2022 10:08:28,https://www.youtube.com/playlist?list=PLjK2DA2hQhSIXIWllMk5A7lpo5gJxnud5
02/06/2022 10:08:31,https://music.youtube.com/watch?v=FpwSEA1GBWk&feature=share
02/06/2022 10:08:37,https://www.youtube.com/playlist?list=PLjK2DA2hQhSIfkQMYIyoauGDBniMiq3bP
02/06/2022 10:08:46,https://music.youtube.com/watch?v=JNJd4HDemgI&feature=share
02/06/2022 10:08:48,https://www.youtube.com/playlist?list=PLjK2DA2hQhSKU8dFF0B6E5H3vQXzyOLhA
02/06/2022 10:08:57,https://www.youtube.com/playlist?list=PLjK2DA2hQhSIGKD3UyNZbTElU1a6Yb7qf
02/06/2022 10:09:05,https://music.youtube.com/watch?v=gVAV9CC-LM4&feature=share
02/06/2022 10:09:09,https://www.youtube.com/playlist?list=PLjK2DA2hQhSLXrhrATIFfKKTKidXyNn7c
02/06/2022 10:09:19,https://music.youtube.com/watch?v=V12FuCX9xJM&feature=share
02/06/2022 10:09:28,https://www.youtube.com/playlist?list=PLjK2DA2hQhSIT9ZrhYBeLJn4WmseEADwc
02/06/2022 10:09:51,https://www.youtube.com/playlist?list=PLjK2DA2hQhSLXLG8DH054metihj7FP4GC
02/06/2022 10:10:03,https://www.youtube.com/playlist?list=PLjK2DA2hQhSLlgB_fVGs37KuhHdAzrQsj
02/06/2022 10:10:17,https://www.youtube.com/playlist?list=PLjK2DA2hQhSImaI07rt8Lb0E0laRPpcKI
02/06/2022 10:10:30,https://www.youtube.com/playlist?list=PLjK2DA2hQhSIX9vy8N4oEhvm8HIpzWwnF
02/06/2022 10:10:39,https://www.youtube.com/playlist?list=PLjK2DA2hQhSJadaehDSG8A0AOpQBt8fx1
02/06/2022 10:10:53,https://www.youtube.com/playlist?list=PLjK2DA2hQhSJL-R-sHdj1piXqiANd39u9
02/06/2022 10:11:06,https://www.youtube.com/playlist?list=PLjK2DA2hQhSJ-6TQqCLjr2I782cDZUjNQ
02/06/2022 10:11:20,https://www.youtube.com/playlist?list=PLjK2DA2hQhSJ9xJM22pos-CKcfmIMnZt2
02/06/2022 10:11:29,https://www.youtube.com/playlist?list=PLjK2DA2hQhSKKgCkegiYo9F8aP6jGH-iK
02/06/2022 10:11:39,https://music.youtube.com/watch?v=ZS4m67ElJzU&feature=share
02/06/2022 10:11:51,https://music.youtube.com/watch?v=riOEz085vLA&feature=share
02/06/2022 10:13:29,https://music.youtube.com/watch?v=JhulBGMA7G4&feature=share
02/06/2022 10:13:46,https://music.youtube.com/watch?v=lWxQ55EsOVs&feature=share
02/06/2022 10:13:57,https://music.youtube.com/watch?v=P0Nryn0YZ-A&feature=share
02/06/2022 10:14:08,https://music.youtube.com/watch?v=8Xv_Hg8o1fw&feature=share
02/06/2022 10:14:11,https://www.youtube.com/playlist?list=PLjK2DA2hQhSKoJhA985VLZR6Y90hmq77Y
02/06/2022 10:14:20,https://www.youtube.com/playlist?list=PLjK2DA2hQhSJSzNa-H2vw1a9aHSfm2tqP
02/06/2022 10:14:33,https://www.youtube.com/playlist?list=PLO67Wk7TZDG1gYpmY0dizaEXg0HsOoLO7
02/06/2022 10:14:40,https://www.youtube.com/watch?v=ww4opaJ6umk
02/06/2022 10:14:57,https://www.youtube.com/playlist?list=PLjK2DA2hQhSJz5GH3USrawWe76AbznOsS
02/06/2022 10:15:08,https://www.youtube.com/playlist?list=OLAK5uy_nU91hhklaVkVmLPw2lvpJr6YII0-whQS4
02/06/2022 10:15:22,https://www.youtube.com/watch?v=uukQ7hGygRc
02/06/2022 10:15:29,https://www.youtube.com/watch?v=UhBmdKPWwzE
02/06/2022 10:15:49,https://www.youtube.com/watch?v=g3jCAyPai2Y
02/06/2022 10:15:51,https://www.youtube.com/watch?v=IYozgkkIdjM
02/06/2022 10:15:57,https://www.youtube.com/watch?v=vfc42Pb5RA8
02/06/2022 10:16:12,https://www.youtube.com/watch?v=IJiHDmyhE1A
02/06/2022 10:16:24,https://www.youtube.com/watch?v=eZA1TOiapEM
02/06/2022 10:16:31,https://www.youtube.com/watch?v=VQd1IOyhKS4
02/06/2022 10:16:39,https://www.youtube.com/watch?v=9GXrE6xHkeM
02/06/2022 10:16:42,https://www.youtube.com/watch?v=FgxwKEuy-pM
02/06/2022 10:17:05,https://www.youtube.com/watch?v=6NXnxTNIWkc
02/06/2022 10:17:20,https://www.youtube.com/watch?v=5zp1FdZs_ps
02/06/2022 10:17:33,https://www.youtube.com/watch?v=grA871Cvbeo
02/06/2022 10:17:45,https://www.youtube.com/watch?v=v_JjTLrLz-c
02/06/2022 10:17:51,https://www.youtube.com/watch?v=ynlqGkC7OKA
02/06/2022 10:18:21,https://www.youtube.com/watch?v=7G7y9TT5fN0
02/06/2022 10:18:47,https://www.youtube.com/watch?v=bMfvZmhqW0A
02/06/2022 10:18:48,https://www.youtube.com/watch?v=zzICMIu5zFY
02/06/2022 10:19:08,https://www.youtube.com/watch?v=3eq-qUy-a-A
02/06/2022 10:19:25,https://www.youtube.com/watch?v=EJCq_hnFZyk
02/06/2022 10:19:41,https://www.youtube.com/watch?v=jRG0gyVFP60
02/06/2022 10:19:55,https://www.youtube.com/watch?v=gPybou_mNOY
02/06/2022 10:20:07,https://www.youtube.com/watch?v=ToBQY630PZE
02/06/2022 10:20:27,https://www.youtube.com/watch?v=yW5AnWT1d5E
02/06/2022 10:20:45,https://www.youtube.com/watch?v=90ec997EzAM
02/06/2022 10:21:15,https://www.youtube.com/watch?v=ieLL_jQJ3mM
02/06/2022 10:22:49,https://www.youtube.com/watch?v=2TgO-tN5wAM
02/06/2022 10:23:09,https://www.youtube.com/watch?v=EBhFHJMVfiI
02/06/2022 10:23:13,https://www.youtube.com/watch?v=SqFaCDvHxU4
02/06/2022 10:23:24,https://www.youtube.com/watch?v=wDgQdr8ZkTw
02/06/2022 10:23:55,https://www.youtube.com/watch?v=wDgQdr8ZkTw
02/06/2022 10:25:45,https://www.youtube.com/watch?v=nxXcuDAv7Ss
02/06/2022 10:26:21,https://www.youtube.com/watch?v=k9lr62Lth_I
02/06/2022 10:26:39,https://www.youtube.com/watch?v=AB6sOhQan9Y
02/06/2022 10:27:26,https://www.youtube.com/watch?v=hpCgnNbFGKc
02/06/2022 10:29:27,https://www.youtube.com/watch?v=aElM_uHL00E
02/06/2022 10:29:45,https://www.youtube.com/watch?v=erKkWGfEW9U
02/06/2022 10:30:17,https://www.youtube.com/watch?v=GTCB79fDUOY
02/06/2022 10:30:33,https://www.youtube.com/watch?v=O59iwBYDYcw
02/06/2022 11:02:14,https://www.youtube.com/watch?v=5KWBSF1FB8E
02/06/2022 11:03:06,www.youtube.com/watch?v=gLsrKdeO8aM
02/06/2022 11:03:44,www.youtube.com/watch?v=879ysA4h9r4
02/06/2022 11:04:40,youtube.com/watch?v=wJAcaPUVnoM
02/06/2022 11:06:43,youtube.com/watch?v=mvA3FxYmy70
02/06/2022 11:07:21,youtube.com/watch?v=8f2vJPtOUf8
02/06/2022 11:07:59,youtube.com/watch?v=jI1SHEnzNnU
02/06/2022 11:08:50,youtube.com/watch?v=IEbCL-1N8O4
02/06/2022 11:09:57,youtube.com/watch?v=bdzDjshU_nY
02/06/2022 13:13:36,https://youtu.be/n5DGDyp8Aac
02/06/2022 13:14:09,https://youtu.be/kGjcau9FzVc
02/06/2022 13:14:49,https://youtu.be/yTatdcy5gDk
02/06/2022 13:15:08,https://youtu.be/-p0bLTbTJl0
02/06/2022 13:15:22,https://youtu.be/YGMKpj36T1o
02/06/2022 13:15:37,https://youtu.be/tDJhDfg2jCQ
02/06/2022 13:15:54,https://youtu.be/3-s09_5TRGY
02/06/2022 13:16:12,https://youtu.be/dsmsAeHWhO4
02/06/2022 13:16:41,https://youtu.be/w35nRWzHO70
02/06/2022 13:17:00,https://youtu.be/l_S_gTnUzvg
02/06/2022 13:17:31,https://youtu.be/TFt_OvdJUIM
02/06/2022 13:17:54,https://youtu.be/MnH03XLqeRs
02/06/2022 13:18:15,https://youtu.be/_6QlWKJhhKQ
02/06/2022 13:18:36,https://youtu.be/DmD5lTRYNQ4
02/06/2022 13:19:18,https://youtu.be/IWTf2MI71Q4
02/06/2022 13:19:53,https://youtu.be/hiXurIUQ8DY
02/06/2022 13:20:25,https://youtu.be/s2KzrsDEi3A
02/06/2022 13:20:49,https://youtu.be/wHvLG8WlWhw
02/06/2022 13:21:34,https://youtu.be/soamUONtXBI
02/06/2022 13:22:46,https://youtu.be/oKmN5lLqSOk
02/06/2022 13:23:08,https://youtu.be/pZjNGZZ3ajc
02/06/2022 13:23:57,https://youtu.be/D6XZDvuUfbY
02/06/2022 13:24:33,https://youtu.be/kxdgHkdAiCg
02/06/2022 14:12:03,"Hello tout le monde j'aurais besoins de votre participation pour mon ADS, il me faudrait des musiques ! https://forms.gle/zNF4x4huhCURAKWe7 Peu importe le genre, il me faut des liens youtube ou youtube music. Merci d'avance les ptis loups ! ðŸ˜‰"
02/06/2022 14:12:13,https://www.youtube.com/playlist?list=PLitZJ3-4ycxryzANjAJEwRx326Lf-9TXw
02/06/2022 14:13:11,https://www.youtube.com/playlist?list=PLitZJ3-4ycxqnQ2aVs_T-remtzzbO__yA
02/06/2022 14:13:29,https://www.youtube.com/watch?v=EWMPVn1kgIQ&list=RDEWMPVn1kgIQ&ab_channel=DaVinci%27sNotebook-Topic
02/06/2022 14:13:47,https://www.youtube.com/playlist?list=PLitZJ3-4ycxolYhhsQW-Q4OzXSRYvOQwg
02/06/2022 14:14:29,https://www.youtube.com/playlist?list=PLitZJ3-4ycxokKwUtFhepYadJZQ8Q1OL2
02/06/2022 14:14:59,https://www.youtube.com/watch?v=rvrZJ5C_Nwg&t=0s&ab_channel=KirinJCallinanVEVO
02/06/2022 14:15:41,https://www.youtube.com/watch?v=GwYZ_zynAm8&ab_channel=TheSynthVerse
02/06/2022 14:34:33,https://www.youtube.com/watch?v=wWblPXLnv6k
02/06/2022 21:03:27,https://www.youtube.com/watch?v=OYG8Ul276-w